Model,Cancer Diseases,AUC,Accuracy,Precision,Sensitivity,Specificity,(FPR),(FNR),Recall
CNN,Lung Cancer,0.9,94.0,0.99,0.94,0.86,0.14,0.06,0.94
MLP,Lung Cancer,0.57,94.0,0.93,1.0,0.14,0.86,0.0,1.0
RNN,Lung Cancer,0.85,97.0,0.98,0.99,0.71,0.29,0.01,0.99
GRU,Lung Cancer,0.85,97.0,0.98,0.99,0.71,0.29,0.01,0.99
CNN,Breast Cancer,0.76,70.0,0.93,0.64,0.88,0.12,0.36,0.64
MLP,Breast Cancer,0.77,83.0,0.87,0.91,0.62,0.38,0.09,0.91
RNN,Breast Cancer,0.68,77.0,0.83,0.86,0.5,0.5,0.14,0.86
GRU,Breast Cancer,0.68,77.0,0.83,0.86,0.5,0.5,0.14,0.86
CNN,Prostate Cancer,0.95,96.0,0.95,1.0,0.9,0.1,0.0,1.0
MLP,Prostate Cancer,0.95,95.0,0.97,0.94,0.95,0.05,0.06,0.94
RNN,Prostate Cancer,0.96,96.0,0.96,0.98,0.94,0.06,0.02,0.98
GRU,Prostate Cancer,0.97,96.0,0.98,0.96,0.97,0.03,0.04,0.96
