Model,Cancer Diseases,AUC,Accuracy,Precision,Sensitivity,Specificity,(FPR),(FNR),Recall
CNN,Lung Cancer,0.92,97.0,0.99,0.98,0.86,0.14,0.02,0.98
MLP,Lung Cancer,0.57,94.0,0.93,1.0,0.14,0.86,0.0,1.0
RNN,Lung Cancer,0.92,97.0,0.99,0.98,0.86,0.14,0.02,0.98
GRU,Lung Cancer,0.57,92.0,0.93,0.99,0.14,0.86,0.01,0.99
CNN,Breast Cancer,0.5,73.0,0.73,1.0,0.0,1.0,0.0,1.0
MLP,Breast Cancer,0.77,83.0,0.87,0.91,0.62,0.38,0.09,0.91
RNN,Breast Cancer,0.7,73.0,0.85,0.77,0.62,0.38,0.23,0.77
GRU,Breast Cancer,0.66,73.0,0.82,0.82,0.5,0.5,0.18,0.82
CNN,Prostate Cancer,0.95,94.0,0.99,0.92,0.98,0.02,0.08,0.92
MLP,Prostate Cancer,0.95,95.0,0.97,0.94,0.95,0.05,0.06,0.94
RNN,Prostate Cancer,0.97,96.0,0.98,0.96,0.97,0.03,0.04,0.96
GRU,Prostate Cancer,0.97,97.0,0.97,0.98,0.95,0.05,0.02,0.98
